Skin Temp.,Heart Rate,Resp.,SpO$_{2}$,PPG
31.25,87,29.114576056599617,9.999999999999999e-05,16611.000522971153
31.1875,90,28.61022949,9.9e-05,16328.999772667885
31.25,90,29.068727046251297,9.9e-05,16719.000414013863
31.125,92,28.61022949,9.9e-05,16228.999942541122
31.3125,93,29.068727046251297,9.9e-05,16320.999711751938
31.1875,93,28.61022949,9.9e-05,16000.00075995922
31.25,92,29.160426929593086,9.9e-05,15936.000272631645
31.25,89,29.114576056599617,9.999999999999999e-05,16169.000416994095
31.25,84,28.70192937552929,9.9e-05,17483.999952673912
31.1875,82,28.243431821465492,9.9e-05,15693.999826908112
31.1875,81,28.70192937552929,9.999999999999999e-05,15498.00019711256
31.1875,81,29.022876173257828,9.999999999999999e-05,16703.00029218197
31.1875,79,28.83947827,9.9e-05,17181.99998140335
31.1875,79,29.664773494005203,9.9e-05,15966.000035405159
31.25,86,28.931178152561188,9.9e-05,15638.99964094162
31.3125,89,28.42682972550392,9.9e-05,16612.00076341629
31.25,89,28.47268059849739,9.999999999999999e-05,15842.000022530556
31.25,94,28.65607850253582,9.9e-05,16024.99932050705
31.25,94,28.79362925887108,9.8e-05,17149.999737739563
31.25,95,28.243431821465492,9.8e-05,15255.000442266464
31.3125,97,28.88532727956772,9.8e-05,16950.00007748604
31.25,99,28.289280831813812,9.8e-05,16606.999561190605
31.3125,101,27.922483161091805,9.8e-05,16125.999391078949
31.1875,104,28.61022949,9.9e-05,17078.999429941177
31.25,105,27.876634150743484,9.9e-05,17106.00033402443
31.1875,107,28.65607850253582,9.9e-05,15798.000618815422
31.25,108,28.243431821465492,9.9e-05,16421.999782323837
31.25,108,28.977027162909508,9.9e-05,16499.999910593033
31.3125,111,28.014183044433594,9.9e-05,17146.000638604164
31.3125,111,28.74777838587761,9.9e-05,17144.00015771389
31.3125,113,27.830783277750015,9.9e-05,15969.00075674057
31.25,113,28.74777838587761,9.8e-05,16225.000843405724
31.5,113,28.47268059849739,9.9e-05,16620.000824332237
31.3125,113,28.42682972550392,9.9e-05,16586.000099778175
31.375,112,28.65607850253582,9.8e-05,16834.000125527382
31.375,112,27.830783277750015,9.8e-05,16286.000609397888
31.25,113,28.151731938123703,9.8e-05,16123.000532388687
31.3125,112,28.38098072,9.8e-05,16617.000102996826
31.3125,112,29.527224600315094,9.8e-05,16223.00036251545
31.25,113,28.289280831813812,9.8e-05,16673.000529408455
31.3125,114,28.38098072,9.8e-05,17255.00077009201
31.375,114,29.802322387695312,9.8e-05,16881.000250577927
31.3125,115,28.61022949,9.8e-05,16154.000535607338
31.3125,116,29.252124950289726,9.9e-05,16387.000679969788
31.3125,117,28.33513170480728,9.9e-05,16671.00004851818
31.375,117,28.56438048183918,9.9e-05,16905.000433325768
31.3125,118,29.389675706624985,9.9e-05,17363.00066113472
31.3125,119,28.33513170480728,9.9e-05,17302.000895142555
31.25,120,28.977027162909508,9.999999999999999e-05,17132.999375462532
31.25,121,28.65607850253582,9.999999999999999e-05,16913.000494241714
31.5,121,27.922483161091805,9.9e-05,17029.00044620037
31.375,121,28.51852960884571,9.9e-05,16039.000824093819
31.375,122,29.114576056599617,9.9e-05,15840.999782085419
31.4375,122,28.289280831813812,9.9e-05,15572.000294923782
31.25,122,29.252124950289726,9.9e-05,16090.000048279762
31.375,122,28.105882927775383,9.9e-05,15830.999240279198
31.375,122,28.61022949,9.9e-05,15930.99907040596
31.375,123,28.83947827,9.9e-05,16970.999538898468
31.375,123,28.70192937552929,9.9e-05,16509.000211954117
31.4375,125,29.389675706624985,9.9e-05,16473.00086915493
31.375,125,28.65607850253582,9.9e-05,15922.000631690025
31.4375,124,28.88532727956772,9.9e-05,15869.999304413795
31.375,124,28.243431821465492,9.9e-05,15897.000208497047
31.4375,125,27.18888781964779,9.9e-05,17224.999144673347
31.375,125,28.38098072,9.9e-05,17766.00070297718
31.375,126,27.876634150743484,9.9e-05,18327.999860048294
31.375,125,27.509836480021477,9.9e-05,16223.00036251545
31.375,125,28.74777838587761,9.9e-05,17565.00080227852
31.375,123,28.105882927775383,9.9e-05,16374.999657273293
31.4375,123,28.56438048183918,9.9e-05,17697.00087606907
31.4375,122,28.79362925887108,9.9e-05,17359.99993979931
31.5,122,28.65607850253582,9.9e-05,16598.99950027466
31.375,121,28.014183044433594,9.8e-05,17790.00088572502
31.3125,121,28.014183044433594,9.9e-05,17156.999558210373
31.5,121,27.418136596679688,9.9e-05,16335.999593138695
31.4375,120,28.42682972550392,9.9e-05,16332.000494003296
31.375,119,28.060032054781914,9.9e-05,15390.000306069851
31.5625,116,28.38098072,9.8e-05,15362.000092864037
31.4375,115,28.105882927775383,9.9e-05,15930.99907040596
31.5,115,27.830783277750015,9.9e-05,16317.000612616539
31.4375,114,26.730390265583992,9.9e-05,16596.000641584396
31.5625,114,27.830783277750015,9.8e-05,17511.000856757164
31.4375,116,28.243431821465492,9.8e-05,16930.000856518745
31.5,117,27.09718794,9.9e-05,16494.00033056736
31.5,118,27.739085257053375,9.9e-05,17049.99991
31.5,119,27.509836480021477,9.9e-05,17280.999571084976
31.5,119,28.70192937552929,9.999999999999999e-05,16442.00086593628
31.5,121,27.601536363363266,9.9e-05,17156.999558210373
31.5,121,27.830783277750015,9.9e-05,16514.99979197979
31.5,121,27.968334034085274,9.9e-05,17434.999346733093
31.4375,121,28.289280831813812,9.9e-05,16901.999711990356
31.5,123,28.931178152561188,9.9e-05,15774.000436067581
31.4375,123,28.61022949,9.9e-05,15309.999696910381
31.5625,126,28.88532727956772,9.9e-05,16933.999955654144
31.5625,126,27.555685490369797,9.999999999999999e-05,17309.999093413353
31.4375,127,28.060032054781914,9.9e-05,17283.00005197525
31.5,128,28.105882927775383,9.9e-05,15568.999573588371
31.5625,128,27.693234384059906,9.9e-05,15418.999828398228
31.625,127,27.18888781964779,9.9e-05,16824.999824166298
31.5625,127,27.922483161091805,9.9e-05,17040.999606251717
31.625,127,27.00548991560936,9.9e-05,16318.999230861664
31.5625,127,28.197582811117172,9.999999999999999e-05,16516.000032424927
31.5,127,27.555685490369797,9.999999999999999e-05,15076.999552547932
31.625,129,28.105882927775383,9.9e-05,16930.999234318733
31.5625,129,27.05133892595768,9.9e-05,16382.99971818924
31.5625,129,28.47268059849739,9.9e-05,16710.00011265278
31.625,131,27.372287586331367,9.9e-05,16790.999099612236
31.5625,131,27.876634150743484,9.9e-05,17134.999856352806
31.6875,132,28.197582811117172,9.9e-05,16052.000224590302
31.625,132,29.89402227,9.9e-05,16231.000423431396
31.625,132,27.830783277750015,9.9e-05,16272.999346256256
31.625,132,28.197582811117172,9.9e-05,15979.999676346779
31.5625,132,27.23473682999611,9.999999999999999e-05,16333.99911224842
31.625,132,27.372287586331367,9.9e-05,16323.000192642212
31.5625,132,27.418136596679688,9.9e-05,16010.99967956543
31.625,133,27.509836480021477,9.9e-05,15905.000269412994
31.5625,133,26.86793916,9.9e-05,16795.000061392784
31.5625,133,27.784934267401695,9.999999999999999e-05,17314.00006
31.6875,132,28.014183044433594,9.999999999999999e-05,17066.000029444695
31.5625,132,27.14303880929947,9.9e-05,15387.999825179577
31.6875,132,27.00548991560936,9.9e-05,16718.000173568726
31.625,132,28.289280831813812,9.9e-05,16405.999660491943
31.5625,131,27.18888781964779,9.9e-05,16992.999240756035
31.5625,129,27.739085257053375,9.9e-05,16938.99929523468
31.5625,129,28.65607850253582,9.9e-05,17067.00026988983
31.625,127,27.739085257053375,9.999999999999999e-05,16132.000833749771
31.625,125,27.968334034085274,9.9e-05,15798.000618815422
31.625,125,27.739085257053375,9.9e-05,15355.999581515789
31.625,125,28.51852960884571,9.9e-05,15402.000397443771
31.6875,125,28.47268059849739,9.9e-05,17891.99933409691
31.625,125,28.151731938123703,9.9e-05,16095.999628305435
31.625,126,27.784934267401695,9.9e-05,15848.999843001366
31.5625,126,27.05133892595768,9.9e-05,16114.000231027603
31.625,126,26.501141488552094,9.9e-05,17229.000106453896
31.625,130,27.647385373711586,9.999999999999999e-05,15077.999792993069
31.625,130,27.876634150743484,9.9e-05,16093.999147415161
31.6875,132,27.28058770298958,9.9e-05,17108.000814914703
31.5625,132,28.151731938123703,9.9e-05,15926.999971270561
31.625,133,26.77624113857746,9.9e-05,15940.999612212181
31.5625,133,26.82209014892578,9.9e-05,16915.999352931976
31.5625,132,28.289280831813812,9.9e-05,16234.999522566795
31.625,132,26.730390265583992,9.999999999999999e-05,15708.999708294868
31.6875,132,27.463985607028008,9.9e-05,17129.000276327133
31.625,132,27.876634150743484,9.9e-05,16405.999660491943
31.625,133,27.418136596679688,9.999999999999999e-05,16268.00000667572
31.625,133,28.42682972550392,9.999999999999999e-05,17697.00087606907
31.6875,133,27.05133892595768,9.9e-05,16444.99972462654
31.625,134,27.09718794,9.9e-05,16140.000894665718
31.625,134,28.38098072,9.9e-05,16985.999420285225
31.6875,134,27.463985607028008,9.9e-05,15196.000225841999
31.625,133,27.601536363363266,9.9e-05,16559.99943614006
31.6875,133,27.14303880929947,9.9e-05,16504.99925017357
31.625,134,27.647385373711586,9.9e-05,15603.999607264996
31.625,134,29.160426929593086,9.9e-05,16916.999593377113
31.75,135,27.18888781964779,9.999999999999999e-05,16145.000234246254
31.625,136,27.28058770298958,9.9e-05,17231.00058734417
31.75,137,28.243431821465492,9.9e-05,16535.00087559223
31.75,137,28.42682972550392,9.9e-05,16843.000426888466
31.75,137,27.372287586331367,9.9e-05,16007.00058043003
31.75,137,27.509836480021477,9.9e-05,16567.999497056007
31.75,137,28.014183044433594,9.9e-05,16319.99947
31.75,137,27.23473682999611,9.9e-05,15914.000570774078
31.6875,135,26.82209014892578,9.8e-05,16589.000821113586
31.8125,135,27.601536363363266,9.8e-05,17122.000455856323
31.625,134,26.86793916,9.9e-05,16753.999516367912
31.8125,134,28.56438048183918,9.999999999999999e-05,15021.000057458878
31.75,133,28.105882927775383,9.9e-05,16259.999945759773
31.75,135,28.014183044433594,9.999999999999999e-05,15327.000059187412
31.625,136,26.82209014892578,9.9e-05,15327.000059187412
31.75,136,27.830783277750015,9.999999999999999e-05,17304.999753832817
31.75,136,27.00548991560936,9.999999999999999e-05,16093.999147415161
31.75,135,28.014183044433594,9.9e-05,17389.999702572823
31.6875,136,27.693234384059906,9.9e-05,16045.000404119492
31.6875,137,27.601536363363266,9.9e-05,15652.000904083252
31.6875,137,27.18888781964779,9.9e-05,17504.999414086342
31.625,137,26.82209014892578,9.9e-05,15472.00046479702
31.6875,137,27.05133892595768,9.9e-05,17088.99997
31.75,136,28.243431821465492,9.9e-05,15449.999831616879
31.75,136,26.77624113857746,9.999999999999999e-05,16868.000850081444
31.75,135,22.37466722726822,9.999999999999999e-05,17023.999243974686
31.8125,133,27.28058770298958,9.9e-05,17695.000395178795
31.75,133,28.42682972550392,9.9e-05,16798.000782728195
31.875,132,28.289280831813812,9.9e-05,16751.00065767765
31.6875,132,27.784934267401695,9.999999999999999e-05,15568.000264465809
31.8125,132,27.14303880929947,9.999999999999999e-05,17384.00012254715
31.8125,132,27.14303880929947,9.9e-05,16610.000282526016
31.8125,131,28.243431821465492,9.999999999999999e-05,16388.999298214912
31.75,131,27.418136596679688,9.9e-05,15495.000407099724
31.8125,130,27.968334034085274,9.9e-05,15915.999189019203
31.9375,131,27.418136596679688,9.9e-05,16736.000776290894
31.9375,132,27.463985607028008,9.9e-05,15208.999626338482
31.75,132,28.70192937552929,9.999999999999999e-05,16706.999391317368
31.875,133,27.693234384059906,9.8e-05,18682.999536395073
31.875,133,27.463985607028008,9.999999999999999e-05,15139.99979943037
31.9375,134,28.70192937552929,9.9e-05,15976.00057721138
31.875,133,27.509836480021477,9.9e-05,16999.000683426857
31.8125,132,28.243431821465492,9.8e-05,16452.999785542488
31.875,131,27.647385373711586,9.8e-05,16906.000673770905
31.9375,131,27.32643671,9.9e-05,15502.000227570534
31.875,131,28.060032054781914,9.8e-05,16395.999118685722
31.875,131,27.876634150743484,9.9e-05,17036.00026667118
31.9375,131,28.060032054781914,9.9e-05,16974.00026023388
32,131,28.289280831813812,9.9e-05,15541.999600827694
31.9375,132,27.784934267401695,9.9e-05,16279.999166727066
32,132,28.060032054781914,9.9e-05,15628.999099135399
32,132,27.830783277750015,9.9e-05,16526.000574231148
32,133,27.28058770298958,9.9e-05,15254.000201821327
32,134,28.014183044433594,9.9e-05,15929.000452160835
31.9375,134,27.372287586331367,9.9e-05,15056.000091135502
32.0625,134,26.730390265583992,9.999999999999999e-05,17223.000526428223
31.9375,134,28.56438048183918,9.9e-05,17883.99927318096
32,133,28.197582811117172,9.999999999999999e-05,15426.999889314175
32,133,27.18888781964779,9.9e-05,17505.99965453148
32.0625,133,28.060032054781914,9.9e-05,16467.999666929245
32,133,27.601536363363266,9.9e-05,15267.999842762947
32.0625,133,26.95963904261589,9.9e-05,17407.000064849854
32.0625,133,28.243431821465492,9.9e-05,18071.99977338314
32.0625,133,27.693234384059906,9.9e-05,15603.999607264996
32.0625,134,28.060032054781914,9.9e-05,14999.999664723873
32.0625,134,26.95963904261589,9.9e-05,17131.000757217407
32.0625,134,28.105882927775383,9.9e-05,16535.99925339222
32.125,134,27.28058770298958,9.9e-05,16250.99964439869
32.1875,137,27.00548991560936,9.9e-05,17300.00041425228
32.125,138,26.95963904261589,9.9e-05,16341.00079536438
32.125,139,28.33513170480728,9.9e-05,16845.00090777874
32.25,139,27.509836480021477,9.9e-05,15739.99971151352
32.1875,140,28.289280831813812,9.9e-05,17407.000064849854
32.125,141,27.14303880929947,9.9e-05,15355.000272393227
32.25,142,27.28058770298958,9.9e-05,17458.999529480934
32.1875,143,27.693234384059906,9.9e-05,16085.000708699226
32.1875,143,27.14303880929947,9.9e-05,15783.999115228653
32.1875,143,26.82209014892578,9.999999999999999e-05,16989.000141620636
32.25,144,27.830783277750015,9.9e-05,17155.999317765236
32.25,144,27.00548991560936,9.9e-05,15754.999592900276
32.25,144,27.876634150743484,9.9e-05,16924.99965429306
32.25,145,27.601536363363266,9.999999999999999e-05,15464.000403881073
32.1875,145,26.82209014892578,9.9e-05,17056.99972808361
32.25,145,27.784934267401695,9.9e-05,15954.999253153801
32.25,145,28.105882927775383,9.9e-05,16486.000269651413
32.25,144,26.95963904261589,9.9e-05,15393.000096082687
32.3125,144,28.33513170480728,9.9e-05,17421.99994623661
32.25,144,27.05133892595768,9.9e-05,17198.000103235245
32.3125,143,28.060032054781914,9.9e-05,16210.999339818954
32.25,143,26.91379003226757,9.9e-05,16858.000308275223
32.25,143,27.876634150743484,9.9e-05,14363.00017
32.3125,142,26.638690382242203,9.9e-05,17170.000821352005
32.25,143,27.876634150743484,9.9e-05,16473.999246954918
32.375,143,26.91379003226757,9.9e-05,16439.00014460087
32.375,143,26.638690382242203,9.9e-05,14906.99965506792
32.3125,143,27.18888781964779,9.9e-05,16976.000741124153
32.3125,143,26.638690382242203,9.9e-05,17249.999567866325
32.375,143,27.23473682999611,9.9e-05,17121.000215411186
32.375,143,27.463985607028008,9.9e-05,15188.000164926052
32.25,142,27.372287586331367,9.999999999999999e-05,16917.99983382225
32.25,142,27.00548991560936,9.999999999999999e-05,15615.999698638916
32.375,142,27.647385373711586,9.999999999999999e-05,16441.000625491142
32.25,142,26.684541255235672,9.999999999999999e-05,16896.000131964684
32.3125,143,27.784934267401695,9.9e-05,14732.999727129936
32.3125,144,26.82209014892578,9.9e-05,16953.00079882145
32.375,145,27.00548991560936,9.9e-05,17318.999394774437
32.1875,145,27.922483161091805,9.9e-05,16444.99972462654
32.25,145,27.18888781964779,9.999999999999999e-05,16544.999554753304
32.25,143,27.784934267401695,9.9e-05,16823.99958372116
32.375,143,28.42682972550392,9.9e-05,15850.000083446503
32.25,146,28.060032054781914,9.999999999999999e-05,16613.999381661415
32.4375,146,30.811015516519547,9.9e-05,15513.000078499317
32.375,146,29.93987128138542,9.9e-05,16427.99936234951
32.3125,145,29.710622504353523,9.999999999999999e-05,17310.99933385849
32.3125,145,30.07742017507553,9.999999999999999e-05,16230.00018298626
32.4375,145,29.93987128138542,9.9e-05,17118.999734520912
32.4375,145,30.21496906876564,9.9e-05,15823.999419808388
32.375,145,29.89402227,9.999999999999999e-05,16137.000173330307
32.3125,145,31.68215975165367,9.9e-05,16597.000882029533
32.375,145,31.269513070583344,9.999999999999999e-05,15575.000084936619
32.375,145,30.719317495822906,9.9e-05,16470.00014781952
32.375,145,30.581768602132797,9.9e-05,16269.000247120857
32.5,145,30.673466622829437,9.9e-05,16652.999445796013
32.4375,133,29.618922621011734,9.999999999999999e-05,16896.000131964684
32.375,133,28.83947827,9.9e-05,16063.999384641647
32.4375,142,28.42682972550392,9.999999999999999e-05,14898.000285029411
32.375,142,29.481373727321625,9.9e-05,16550.999134778976
32.4375,145,30.535917729139328,9.999999999999999e-05,16950.00007748604
32.375,145,30.30666895210743,9.9e-05,16471.000388264656
32.375,146,40.07266089320183,9.999999999999999e-05,15730.999410152435
32.375,147,38.834717124700546,9.9e-05,15777.99953520298
32.3125,148,38.00942376255989,9.999999999999999e-05,17374.999821186066
32.375,149,39.66001421,9.999999999999999e-05,15909.99960899353
32.375,149,39.47661444544792,9.999999999999999e-05,15814.999118447304
32.4375,149,40.393609553575516,9.9e-05,17233.99944603443
32.375,150,40.301911532878876,9.999999999999999e-05,17178.99926006794
32.3125,150,39.24736753106117,9.999999999999999e-05,17071.999609470367
32.375,150,39.98096287250519,9.999999999999999e-05,16010.99967956543
32.375,151,39.79756310582161,9.9e-05,15488.999895751476
32.4375,151,40.531158447265625,9.999999999999999e-05,16947.999596595764
32.5,152,40.485307574272156,9.999999999999999e-05,16721.999272704124
32.3125,150,41.12720489501953,9.9e-05,15866.000205278397
32.4375,150,40.25606065988541,9.9e-05,16208.000481128693
32.4375,150,40.485307574272156,9.999999999999999e-05,16604.000702500343
29.9375,87,35.30428931117058,9.999999999999999e-05,16403.99917960167
29.875,87,35.21259129047394,9.999999999999999e-05,16286.000609397888
29.8125,87,33.79124775528908,9.999999999999999e-05,16429.999843239784
29.8125,87,33.974647521972656,9.999999999999999e-05,16359.999775886536
29.875,88,34.295596182346344,9.999999999999999e-05,16333.000734448433
29.8125,92,34.249745309352875,9.8e-05,16457.999125123024
29.8125,92,34.75409373641014,9.999999999999999e-05,16398.999840021133
29.875,94,33.28690305352211,9.6e-05,16628.999263048172
29.875,94,32.82840549945831,9.6e-05,16295.99928855896
29.8125,95,34.66239199,9.999999999999999e-05,16295.000910758972
29.8125,96,34.295596182346344,9.999999999999999e-05,16369.00007724762
29.75,96,32.874252647161484,9.999999999999999e-05,16390.999779105186
29.75,96,33.24105218052864,9.999999999999999e-05,16319.99947
29.8125,97,35.39598733186722,9.4e-05,16490.99960923195
29.75,98,33.92879664897919,9.999999999999999e-05,17576.999962329865
29.8125,99,33.69954973459244,8.3e-05,16313.999891281128
29.75,101,33.79124775528908,9.9e-05,16473.00086915493
29.8125,104,33.28690305352211,9.999999999999999e-05,16206.000000238419
29.8125,107,33.10350328683853,9.999999999999999e-05,16359.999775886536
29.6875,108,33.69954973459244,9.999999999999999e-05,16334.999352693558
29.6875,108,31.6363126,9.8e-05,16388.000920414925
29.75,109,32.82840549945831,9.999999999999999e-05,16386.00043952465
29.75,110,32.92010352015495,9.999999999999999e-05,16486.000269651413
29.75,112,33.37860107421875,9.999999999999999e-05,16519.999131560326
29.625,111,33.01180154085159,9.999999999999999e-05,16299.000009894371
29.6875,111,37.321679294109344,9.999999999999999e-05,16413.99972140789
29.75,112,37.275828421115875,9.999999999999999e-05,16459.999606013298
29.625,112,36.08373552560806,9.9e-05,16418.00068318844
29.625,112,36.54223307967186,9.999999999999999e-05,16356.000676751137
29.6875,112,35.48768907785416,9.9e-05,16395.000740885735
29.625,113,36.17543355,9.7e-05,16465.000808238983
29.6875,113,35.02919152379036,9.7e-05,16409.000381827354
29.6875,113,34.295596182346344,9.7e-05,16431.00008368492
29.6875,113,36.54223307967186,9.7e-05,16458.99936556816
29.6875,113,35.533539950847626,9.9e-05,16379.00061905384
29.6875,114,35.25843843817711,9.8e-05,16459.999606013298
29.625,114,36.08373552560806,8.999999999999999e-05,16501.00015103817
29.75,114,36.40468418598175,8.9e-05,16379.00061905384
29.625,114,36.67978197336197,8.9e-05,16288.99946808815
29.6875,114,35.992033779621124,8.9e-05,16367.999836802483
29.6875,115,37.18412667512894,9.999999999999999e-05,16380.999237298965
29.6875,115,35.21259129047394,9.999999999999999e-05,16380.999237298965
29.6875,116,36.26713529229164,9.9e-05,16443.999484181404
29.6875,116,36.08373552560806,9.9e-05,16386.00043952465
29.6875,116,37.229977548122406,9.9e-05,16333.000734448433
29.6875,117,37.04657778143883,9.999999999999999e-05,16305.999830365181
29.625,119,35.02919152379036,9.8e-05,16385.000199079514
29.625,119,37.229977548122406,9.8e-05,16458.99936556816
29.6875,119,36.22128441929817,9.999999999999999e-05,16532.00015425682
29.6875,121,35.35014018416405,9.9e-05,16459.999606013298
29.6875,121,34.066345542669296,9.9e-05,16457.000747323036
29.625,121,35.07504239678383,9.2e-05,16348.00061583519
29.6875,121,35.16674041748047,9.2e-05,16315.000131726265
29.625,121,33.92879664897919,9.2e-05,16363.000497221947
29.6875,121,33.56200084090233,9.2e-05,16326.99929177761
29.625,121,34.34144705533981,9.2e-05,16355.00044
29.625,121,35.30428931117058,9.2e-05,16398.999840021133
29.6875,121,33.79124775528908,9.9e-05,16411.00086271763
29.6875,121,35.25843843817711,9.999999999999999e-05,16335.999593138695
29.625,121,37.321679294109344,9.999999999999999e-05,16276.000067591667
29.6875,121,35.5793871,9.999999999999999e-05,16217.000782489777
29.5625,121,34.70824286341667,9.999999999999999e-05,16254.00037
29.625,121,35.671088844537735,9.999999999999999e-05,16379.00061905384
29.5625,121,34.79994088411331,9.099999999999999e-05,16475.999727845192
29.5625,121,35.02919152379036,9.099999999999999e-05,16421.999782323837
29.5625,121,35.44183820486069,9.099999999999999e-05,16504.00087237358
29.625,121,35.07504239678383,9.9e-05,16504.00087237358
29.5625,121,34.066345542669296,9.9e-05,16467.999666929245
29.5625,121,34.020498394966125,9.9e-05,16403.99917960167
29.6875,121,33.65369886159897,9.9e-05,16382.99971818924
29.5625,121,33.37860107421875,9.9e-05,16433.000564575195
29.5625,121,34.70824286341667,9.9e-05,16434.000805020332
29.625,121,33.05765241384506,9.9e-05,16504.99925017357
29.5625,121,33.79124775528908,9.9e-05,16450.999304652214
29.625,121,33.92879664897919,9.9e-05,16454.000025987625
29.625,121,33.60784799,9.9e-05,16433.000564575195
29.5625,121,33.24105218052864,0.000127,16473.00086915493
29.4375,121,33.47029909491539,0.000127,16478.000208735466
29.5625,121,32.782554626464844,9.7e-05,16406.99990093708
29.6875,121,32.14065730571747,9.7e-05,16676.999628543854
29.6875,121,32.599154859781265,9.7e-05,16348.00061583519
29.5,121,31.086115166544914,9.999999999999999e-05,16465.99918603897
29.5625,121,32.461605966091156,9.999999999999999e-05,16432.00032413006
29.5,120,32.82840549945831,9.499999999999999e-05,16437.99990415573
29.4375,120,33.60784799,9.999999999999999e-05,16406.99990093708
29.5625,121,33.83709862828255,9.999999999999999e-05,16341.999173164368
29.625,121,33.14935416,9.999999999999999e-05,16331.000253558159
29.5625,121,33.60784799,9.999999999999999e-05,16372.00079858303
29.5625,121,34.61654484272003,9.9e-05,16382.99971818924
29.5,121,34.79994088411331,9.9e-05,16371.000558137894
29.5,121,33.882949501276016,9.9e-05,16257.99946
29.5625,121,33.83709862828255,9.9e-05,16341.00079536438
29.625,121,33.47029909491539,9.8e-05,16434.000805020332
29.5,121,34.066345542669296,9.8e-05,16443.999484181404
29.5625,121,33.33275020122528,9.9e-05,16411.999240517616
29.5625,121,33.33275020122528,9.8e-05,16541.000455617905
29.5,121,33.24105218052864,9.8e-05,16651.000827550888
29.4375,121,34.70824286341667,9.8e-05,16434.000805020332
29.5625,121,33.24105218052864,9.999999999999999e-05,16496.000811457634
29.5625,121,33.92879664897919,8.499999999999999e-05,16308.000311255455
29.625,121,33.10350328683853,8.499999999999999e-05,16326.000913977623
29.6875,121,34.75409373641014,8.499999999999999e-05,16305.999830365181
29.5,121,33.65369886159897,8.499999999999999e-05,16315.000131726265
29.5625,121,35.12088954,8.499999999999999e-05,16269.000247120857
29.5,121,33.92879664897919,8.499999999999999e-05,16317.000612616539
29.5625,121,33.65369886159897,8.499999999999999e-05,16381.999477744102
29.5,121,33.74540060758591,9.999999999999999e-05,16247.00054526329
29.5625,121,35.533539950847626,9.999999999999999e-05,16278.000548481941
29.5625,122,34.387294203042984,9.999999999999999e-05,16434.000805020332
29.625,123,34.203894436359406,9.999999999999999e-05,16424.00026321411
29.6875,123,33.69954973459244,9.999999999999999e-05,16396.99935913086
29.6875,123,35.39598733186722,9.9e-05,16424.00026321411
29.5625,123,33.47029909491539,9.9e-05,16428.999602794647
29.4375,123,33.33275020122528,9.9e-05,16428.999602794647
29.5,123,34.249745309352875,9.9e-05,16335.999593138695
29.5625,123,34.89164263010025,9.999999999999999e-05,16265.999525785446
29.5625,123,33.56200084090233,9.999999999999999e-05,16485.000029206276
29.4375,123,34.52484309673309,9.999999999999999e-05,16341.999173164368
29.5625,123,35.07504239678383,9.9e-05,16354.000195860863
29.5,123,34.43314507603645,9.9e-05,16313.999891281128
29.5,123,34.249745309352875,9.999999999999999e-05,16411.999240517616
29.5,123,33.83709862828255,9.999999999999999e-05,16416.000202298164
29.4375,123,33.882949501276016,9.8e-05,16412.999480962753
29.5,123,33.51614996790886,9.8e-05,16476.99996829033
29.5625,123,35.07504239678383,9.8e-05,16351.999714970589
29.4375,123,35.48768907785416,9.8e-05,16350.999474525452
29.5625,123,34.158047288656235,9.999999999999999e-05,16325.000673532486
29.5,123,31.49876371026039,9.999999999999999e-05,16631.999984383583
29.5,123,32.04895928502083,8.999999999999999e-05,16348.00061583519
29.6875,124,30.811015516519547,8.999999999999999e-05,16355.00044
29.5,124,32.09481016,9.999999999999999e-05,16295.000910758972
29.5,124,31.68215975165367,9.8e-05,16319.99947
29.5,124,32.14065730571747,9.8e-05,16324.000433087349
29.5,125,30.811015516519547,9.999999999999999e-05,16285.000368952751
29.5,125,32.23235905170441,9.8e-05,16309.000551700592
29.4375,125,32.96595439314842,6.3e-05,16305.999830365181
29.5,125,32.96595439314842,6.3e-05,16381.999477744102
29.5,125,34.79994088411331,6.3e-05,16462.000086903572
29.5,125,34.57069396972656,6.3e-05,16365.999355912209
29.4375,125,31.91141039133072,6.3e-05,16310.000792145729
29.5,125,32.507456839084625,6.3e-05,16288.99946808815
29.4375,126,32.32405707240105,9.9e-05,16355.00044
29.375,126,34.112196415662766,8.999999999999999e-05,16489.999368786812
29.5,126,32.507456839084625,8.999999999999999e-05,16447.000205516815
29.375,126,32.461605966091156,9.8e-05,16326.000913977623
29.375,126,34.84579175710678,9.8e-05,16411.999240517616
29.3125,126,34.066345542669296,9.8e-05,16535.00087559223
29.375,126,32.874252647161484,9.8e-05,16432.00032413006
29.4375,126,33.19520130753517,9.999999999999999e-05,16434.000805020332
29.375,126,34.020498394966125,9.999999999999999e-05,16356.000676751137
29.3125,126,33.05765241384506,8.9e-05,16352.999955415726
29.4375,126,33.79124775528908,8.9e-05,16427.99936234951
29.375,126,30.994415283203125,8.9e-05,16293.000429868698
29.3125,126,30.856866389513016,8.9e-05,16396.99935913086
29.375,126,33.14935416,8.9e-05,16487.00051009655
29.375,126,31.177815049886703,8.9e-05,16852.00072824955
29.4375,126,32.23235905170441,8.9e-05,16211.999580264091
29.375,126,31.95726126432419,8.9e-05,16460.999846458435
29.375,126,32.645005732774734,9.999999999999999e-05,16141.999512910843
29.4375,126,32.32405707240105,9.999999999999999e-05,16287.999227643013
29.4375,126,32.507456839084625,9.999999999999999e-05,16388.000920414925
29.4375,126,33.42445194721222,9.999999999999999e-05,16346.000134944916
29.25,126,34.158047288656235,8.9e-05,16262.000426650047
29.375,126,34.158047288656235,8.9e-05,16513.999551534653
29.4375,126,34.295596182346344,8.9e-05,16429.999843239784
29.4375,127,32.690856605768204,8.9e-05,16286.000609397888
29.4375,127,33.10350328683853,8.9e-05,16468.999907374382
29.3125,127,32.599154859781265,8.9e-05,16385.000199079514
29.3125,127,32.507456839084625,8.9e-05,16355.00044
29.375,127,33.69954973459244,8.9e-05,16486.000269651413
29.375,127,35.625237971544266,0.000127,16228.999942541122
29.375,127,35.12088954,9.6e-05,16365.999355912209
29.4375,128,33.79124775528908,9.6e-05,15595.999546349049
29.375,128,32.782554626464844,9.6e-05,16381.999477744102
29.375,128,33.28690305352211,9.6e-05,16425.00050365925
29.375,128,32.369907945394516,9.6e-05,16400.00008046627
29.375,128,31.68215975165367,9.6e-05,16548.000276088715
29.4375,128,33.28690305352211,9.6e-05,16302.000731229782
29.4375,128,35.35014018416405,9.6e-05,16235.999763011932
29.4375,128,33.56200084090233,0.000127,16385.000199079514
29.4375,128,35.30428931117058,0.000127,16318.999230861664
29.3125,128,34.89164263010025,0.000127,16416.000202298164
29.375,128,33.974647521972656,9.999999999999999e-05,15716.999769210815
29.4375,129,35.07504239678383,9.999999999999999e-05,16621.999442577362
29.4375,129,34.112196415662766,9.999999999999999e-05,16354.000195860863
29.25,129,33.882949501276016,9.999999999999999e-05,16359.999775886536
29.375,129,34.295596182346344,9.999999999999999e-05,16297.999769449234
29.4375,129,33.42445194721222,9.999999999999999e-05,16502.000391483307
29.4375,129,33.74540060758591,9.999999999999999e-05,16426.000744104385
29.4375,129,35.25843843817711,9.999999999999999e-05,16414.999961853027
29.375,130,34.66239199,9.999999999999999e-05,16511.99907064438
29.375,130,34.98334065079689,9.999999999999999e-05,16498.999670147896
29.4375,130,35.992033779621124,9.3e-05,16335.999593138695
29.4375,130,34.158047288656235,9.3e-05,16544.999554753304
29.375,130,32.690856605768204,9.3e-05,16272.999346256256
29.4375,131,34.66239199,9.3e-05,16331.000253558159
29.375,131,33.51614996790886,9.3e-05,16414.999961853027
29.3125,131,34.70824286341667,9.3e-05,16313.999891281128
29.4375,131,32.27820619940758,9.3e-05,16271.000728011131
29.375,132,32.553307712078094,9.999999999999999e-05,16419.000923633575
29.4375,133,32.874252647161484,9.999999999999999e-05,15986.999496817589
29.5,133,32.14065730571747,9.999999999999999e-05,16361.000016331673
29.5625,133,34.203894436359406,9.999999999999999e-05,16448.000445961952
29.375,133,33.47029909491539,9.999999999999999e-05,16335.999593138695
29.375,134,34.98334065079689,9.999999999999999e-05,16388.000920414925
29.5,134,33.24105218052864,9.999999999999999e-05,16378.000378608704
29.375,135,34.158047288656235,9.999999999999999e-05,16448.000445961952
29.4375,135,35.12088954,9.999999999999999e-05,16342.999413609505
29.375,136,35.716935992240906,9.999999999999999e-05,16269.000247120857
29.5,136,33.47029909491539,9.999999999999999e-05,16480.00068962574
29.5,137,30.856866389513016,9.999999999999999e-05,16341.00079536438
29.4375,137,34.295596182346344,9.999999999999999e-05,16426.999121904373
29.4375,138,35.07504239678383,9.999999999999999e-05,16612.999141216278
29.4375,138,36.6339311,9.999999999999999e-05,16299.000009894371
29.4375,138,36.54223307967186,9.999999999999999e-05,15966.000035405159
29.4375,138,34.93749350309372,9.6e-05,16448.000445961952
29.4375,139,35.30428931117058,9.999999999999999e-05,16419.999301433563
29.5,139,33.60784799,9.8e-05,16348.00061583519
29.5,139,34.112196415662766,9.999999999999999e-05,16354.000195860863
29.4375,139,34.70824286341667,9.999999999999999e-05,16315.000131726265
29.4375,140,35.25843843817711,9.499999999999999e-05,16341.00079536438
29.4375,140,34.66239199,9.999999999999999e-05,16231.000423431396
29.5,140,33.974647521972656,9.9e-05,16429.999843239784
29.375,140,35.12088954,9.9e-05,16587.000340223312
29.4375,140,34.47899594902992,9.9e-05,16303.999349474907
29.5,140,37.73432597517967,9.499999999999999e-05,16369.00007724762
29.5,140,36.31298243999481,8.9e-05,16473.00086915493
29.4375,140,36.90902888774872,8.9e-05,16255.000606179237
29.4375,140,36.08373552560806,9.8e-05,16279.999166727066
29.5,140,37.09242865,9.8e-05,15845.000743865967
29.4375,140,35.39598733186722,9.6e-05,16700.999811291695
29.5,141,35.21259129047394,9.999999999999999e-05,16257.99946
29.4375,141,36.22128441929817,9.999999999999999e-05,16528.99943292141
29.3125,141,35.44183820486069,9.999999999999999e-05,16405.999660491943
29.4375,141,35.07504239678383,9.7e-05,16382.99971818924
29.5,141,34.93749350309372,9.7e-05,16357.000917196274
29.5,142,34.84579175710678,9.7e-05,16494.00033056736
29.5,142,35.808637738227844,9.999999999999999e-05,16262.000426650047
29.4375,142,37.642624229192734,9.999999999999999e-05,16346.000134944916
27.875,69,38.60547021,9.3e-05,16228.999942541122
27.875,69,38.743019104003906,9.3e-05,16358.999535441399
27.875,69,37.59677708148956,9.3e-05,16465.000808238983
27.875,70,38.10112178325653,9.3e-05,16340.000554919243
27.875,70,38.42207044363022,9.3e-05,16381.999477744102
27.875,70,38.37621957063675,9.3e-05,16387.000679969788
27.8125,70,37.91772574186325,9.8e-05,16359.999775886536
27.875,71,37.73432597517967,9.4e-05,16435.999423265457
27.875,71,37.459228187799454,9.8e-05,16352.999955415726
28,72,37.87187486886978,9.8e-05,16313.999891281128
27.8125,72,38.60547021,9.8e-05,16442.00086593628
27.875,72,38.05527463555336,9.8e-05,16404.999420046806
27.8125,72,38.651321083307266,9.8e-05,16335.999593138695
27.875,72,37.04657778143883,9.8e-05,16411.999240517616
27.8125,72,38.880567997694016,9.8e-05,16382.99971818924
27.875,72,39.56831246614456,9.8e-05,16364.999115467072
27.75,72,37.78017312288284,9.8e-05,16387.000679969788
27.8125,72,37.78017312288284,7.099999999999999e-05,16308.000311255455
27.8125,72,38.33037242293358,7.099999999999999e-05,16378.000378608704
27.8125,72,37.642624229192734,7.099999999999999e-05,16320.999711751938
27.75,72,37.96357288956642,7.099999999999999e-05,16362.00025677681
27.75,72,37.59677708148956,7.099999999999999e-05,16373.999416828156
27.75,72,37.413377314805984,7.099999999999999e-05,16387.000679969788
27.6875,73,37.459228187799454,9.2e-05,16395.000740885735
27.75,73,38.28452154994011,9.2e-05,16460.999846458435
27.6875,74,38.69716823101044,9.2e-05,16417.00044
27.625,74,38.14697266,9.2e-05,16395.000740885735
27.625,74,38.05527463555336,8.599999999999999e-05,16303.999349474907
27.5625,74,37.78017312288284,8.499999999999999e-05,16412.999480962753
27.625,74,37.59677708148956,9.2e-05,16389.99953866005
27.6875,74,40.11851177,9.2e-05,16381.999477744102
27.6875,74,39.84341397881508,9.2e-05,16380.000859498978
27.5,74,38.28452154994011,9.2e-05,16389.99953866005
27.625,74,37.459228187799454,9.999999999999999e-05,16332.000494003296
27.5625,75,37.550926208496094,9.2e-05,16387.000679969788
27.625,76,38.00942376255989,9.9e-05,16404.999420046806
27.5,77,37.367526441812515,9.7e-05,16416.000202298164
27.5,77,38.42207044363022,9.7e-05,16355.00044
27.4375,77,38.69716823101044,9.8e-05,16410.00062227249
27.5,78,38.00942376255989,9.2e-05,16418.00068318844
27.5625,80,37.6884751,9.2e-05,16366.999596357346
27.5625,80,37.82602399587631,9.3e-05,16307.000070810318
27.5625,80,36.77147999405861,8.999999999999999e-05,16239.000484347343
27.5,80,38.00942376255989,8.999999999999999e-05,16480.00068962574
27.5,80,38.972266018390656,8.999999999999999e-05,16362.00025677681
27.5625,80,35.12088954,8.999999999999999e-05,16393.00025999546
27.5,80,35.716935992240906,8.999999999999999e-05,16451.99954509735
27.5,80,35.16674041748047,8.999999999999999e-05,16397.999599575996
27.5,80,37.73432597517967,8.999999999999999e-05,16404.999420046806
27.4375,80,37.321679294109344,8.999999999999999e-05,16372.999176383018
27.375,80,36.58808022737503,0.000127,16381.999477744102
27.4375,80,35.854484885931015,0.000127,16339.000314474106
27.4375,82,36.31298243999481,9.9e-05,16390.999779105186
27.5,82,36.31298243999481,9.9e-05,16324.000433087349
27.4375,82,35.854484885931015,9.9e-05,16403.00080180168
27.5625,82,35.900335758924484,9.9e-05,16389.99953866005
27.4375,82,36.31298243999481,9.9e-05,16350.999474525452
27.375,82,36.12958639860153,0.000127,16349.999234080315
27.375,82,36.77147999405861,0.000127,16413.99972140789
27.4375,83,35.900335758924484,9.3e-05,16400.00008046627
27.375,83,37.04657778143883,9.3e-05,16380.999237298965
27.3125,83,38.23867067694664,9.3e-05,16328.999772667885
27.5,83,36.90902888774872,9.3e-05,16365.999355912209
27.375,83,37.321679294109344,9.3e-05,16354.000195860863
27.375,83,37.138279527425766,9.3e-05,16371.000558137894
27.375,83,37.18412667512894,0.000127,16336.999833583832
27.375,83,38.00942376255989,0.000127,16358.999535441399
27.4375,83,37.275828421115875,0.000127,16397.999599575996
27.375,83,36.90902888774872,0.000127,16369.00007724762
27.3125,83,37.96357288956642,0.000127,16367.999836802483
27.25,83,37.18412667512894,8.9e-05,16346.000134944916
27.375,83,37.413377314805984,8.9e-05,16352.999955415726
27.3125,83,38.743019104003906,9.9e-05,16416.000202298164
27.3125,83,37.505075335502625,9.9e-05,16417.00044
27.375,83,36.45053133368492,9.9e-05,16342.999413609505
27.3125,83,36.22128441929817,9.9e-05,16419.999301433563
27.25,83,36.08373552560806,9.9e-05,16352.999955415726
27.375,83,37.91772574186325,9.9e-05,16385.000199079514
27.3125,83,36.54223307967186,9.9e-05,16390.999779105186
27.375,83,36.95487976074219,9.6e-05,16354.000195860863
27.375,84,38.10112178325653,9.6e-05,16395.999118685722
27.375,84,37.321679294109344,9.6e-05,16380.999237298965
27.3125,84,36.54223307967186,9.6e-05,16382.99971818924
27.3125,84,37.550926208496094,9.6e-05,16327.999532222748
27.3125,84,37.367526441812515,9.6e-05,16396.99935913086
27.25,84,36.90902888774872,9.6e-05,16335.999593138695
27.25,84,37.78017312288284,9.2e-05,16367.999836802483
27.3125,84,38.28452154994011,9.2e-05,16380.000859498978
27.3125,84,38.05527463555336,9.2e-05,16401.000320911407
27.3125,84,37.04657778143883,9.2e-05,16354.000195860863
27.375,84,36.45053133368492,9.2e-05,16388.999298214912
27.25,84,38.28452154994011,9.2e-05,16389.99953866005
27.3125,84,38.834717124700546,9.2e-05,16375.99989771843
27.25,84,37.413377314805984,9.4e-05,16406.99990093708
27.25,83,36.95487976074219,9.4e-05,16396.99935913086
27.25,83,36.77147999405861,8.4e-05,16437.99990415573
27.25,83,37.09242865,8.4e-05,16344.999894499779
27.375,83,36.81733086705208,8.4e-05,16459.999606013298
27.1875,83,36.45053133368492,8.4e-05,16302.000731229782
27.1875,83,38.19282352924347,8.4e-05,16402.000561356544
27.25,83,37.96357288956642,8.4e-05,16393.00025999546
27.1875,83,39.063967764377594,8.4e-05,16347.000375390053
27.25,83,33.47029909491539,8.4e-05,16450.000926852226
27.125,83,35.94618663191795,8.4e-05,16357.999294996262
27.1875,83,37.138279527425766,9.499999999999999e-05,16388.000920414925
27.25,83,37.367526441812515,8.499999999999999e-05,16365.999355912209
27.25,83,38.51377218961716,8.499999999999999e-05,16426.000744104385
27.125,83,36.49638220667839,8.499999999999999e-05,16378.000378608704
27.1875,83,36.95487976074219,8.499999999999999e-05,16366.999596357346
27.1875,83,36.67978197336197,8.499999999999999e-05,16460.999846458435
27.1875,83,36.77147999405861,8.499999999999999e-05,16290.999948978424
27.125,83,37.459228187799454,8.499999999999999e-05,16404.999420046806
27.25,83,36.17543355,9.2e-05,16356.000676751137
27.1875,83,36.86318174004555,9.2e-05,16397.999599575996
27.1875,83,37.04657778143883,9.2e-05,16393.00025999546
27.125,83,36.31298243999481,9.2e-05,16386.00043952465
27.125,83,36.95487976074219,0.000127,16326.000913977623
27.0625,83,36.90902888774872,0.000127,16406.99990093708
27.125,83,35.94618663191795,0.000127,16349.999234080315
27.1875,83,37.275828421115875,0.000127,16361.000016331673
27.125,83,36.45053133368492,0.000127,16367.999836802483
27.125,83,36.77147999405861,0.000127,16363.000497221947
27.125,83,36.35883331298828,0.000127,16350.999474525452
27.0625,84,37.00073063373566,9.499999999999999e-05,16357.000917196274
27.0625,84,36.35883331298828,9.499999999999999e-05,16394.000500440598
27.125,84,36.45053133368492,9.499999999999999e-05,16392.000019550323
27.0625,84,36.08373552560806,9.499999999999999e-05,16352.999955415726
27.0625,84,36.31298243999481,9.499999999999999e-05,16330.000013113022
27.125,84,38.60547021,9.499999999999999e-05,16385.000199079514
27,84,37.229977548122406,9.499999999999999e-05,16341.00079536438
27.125,84,40.02681002020836,0.000127,16383.999958634377
27.125,84,39.018116891384125,0.000127,16400.00008046627
27.125,84,38.10112178325653,0.000127,16394.000500440598
27.125,84,36.35883331298828,0.000127,16338.000074028969
27,84,36.67978197336197,0.000127,16434.000805020332
27.1875,84,35.762786865234375,0.000127,16389.99953866005
27.0625,84,36.26713529229164,8.999999999999999e-05,16342.999413609505
27.125,84,35.625237971544266,8.999999999999999e-05,16386.00043952465
27.125,84,35.625237971544266,8.999999999999999e-05,16343.999654054642
27,84,36.22128441929817,8.999999999999999e-05,16396.99935913086
27,84,35.07504239678383,8.999999999999999e-05,16381.999477744102
27.0625,85,35.35014018416405,8.999999999999999e-05,16354.000195860863
27.0625,85,35.854484885931015,8.999999999999999e-05,16401.000320911407
27.0625,85,35.44183820486069,0.000127,16374.999657273293
26.9375,85,36.03788465261459,0.000127,16379.00061905384
27,85,36.03788465261459,0.000127,16370.000317692757
27.0625,85,34.66239199,0.000127,16386.00043952465
26.9375,85,39.38491642475128,0.000127,16395.000740885735
27.125,85,37.505075335502625,0.000127,16363.000497221947
27.0625,85,36.22128441929817,0.000127,16382.99971818924
27,85,35.21259129047394,0.000127,16419.999301433563
26.9375,85,35.716935992240906,0.000127,16381.999477744102
27,85,36.22128441929817,0.000127,16349.000856280327
26.9375,85,37.229977548122406,0.000127,16374.999657273293
27,85,35.625237971544266,0.000127,16367.999836802483
27,85,35.854484885931015,0.000127,16409.000381827354
27,85,36.86318174004555,0.000127,16358.999535441399
26.9375,85,36.67978197336197,0.000127,16405.999660491943
26.8125,86,36.08373552560806,9.499999999999999e-05,16377.000138163567
26.9375,86,36.6339311,9.499999999999999e-05,16403.99917960167
26.875,86,36.58808022737503,9.499999999999999e-05,16350.999474525452
26.9375,86,36.26713529229164,9.499999999999999e-05,16387.000679969788
26.9375,86,35.94618663191795,9.499999999999999e-05,16372.999176383018
26.8125,86,35.671088844537735,9.499999999999999e-05,16450.999304652214
26.875,86,34.43314507603645,9.499999999999999e-05,16405.999660491943
26.8125,86,37.82602399587631,0.000127,16361.000016331673
26.8125,86,36.35883331298828,0.000127,16427.99936234951
26.8125,86,35.671088844537735,0.000127,16365.999355912209
26.875,86,36.58808022737503,0.000127,16442.00086593628
26.9375,86,36.49638220667839,0.000127,16374.999657273293
26.8125,86,36.35883331298828,0.000127,16339.000314474106
26.8125,86,36.03788465261459,0.000127,16380.999237298965
26.8125,86,37.6884751,0.000127,16388.999298214912
26.8125,86,36.08373552560806,0.000127,16434.000805020332
26.875,86,36.6339311,0.000127,16348.00061583519
26.8125,86,37.321679294109344,0.000127,16406.99990093708
26.8125,86,36.08373552560806,0.000127,16361.000016331673
26.8125,86,36.45053133368492,0.000127,16333.99911224842
26.8125,86,36.77147999405861,0.000127,16392.000019550323
26.8125,86,36.86318174004555,0.000127,16375.99989771843
26.75,88,36.86318174004555,9.7e-05,16405.999660491943
26.75,88,37.18412667512894,9.9e-05,16326.000913977623
26.75,88,36.08373552560806,9.9e-05,16426.999121904373
26.6875,89,36.22128441929817,9.999999999999999e-05,16398.999840021133
26.75,89,36.58808022737503,9.999999999999999e-05,16389.99953866005
26.6875,89,36.31298243999481,9.999999999999999e-05,16450.000926852226
26.625,89,36.08373552560806,9.999999999999999e-05,16426.000744104385
26.6875,89,35.900335758924484,9.9e-05,16331.000253558159
26.625,89,36.49638220667839,9.999999999999999e-05,16432.00032413006
26.75,89,36.17543355,9.9e-05,16305.999830365181
26.8125,90,35.854484885931015,9.9e-05,16542.00069606304
26.8125,91,35.716935992240906,9.9e-05,16478.000208735466
26.75,91,36.08373552560806,9.9e-05,16341.00079536438
26.625,90,36.90902888774872,9.999999999999999e-05,16443.999484181404
26.75,90,36.35883331298828,9.9e-05,16336.999833583832
26.6875,90,35.900335758924484,9.7e-05,16380.999237298965
26.6875,90,37.18412667512894,9.8e-05,16251.999884843826
26.75,90,38.14697266,9.999999999999999e-05,16359.999775886536
26.6875,89,37.275828421115875,8.999999999999999e-05,16460.999846458435
26.6875,89,37.00073063373566,9.8e-05,16330.000013113022
26.75,88,36.81733086705208,9.8e-05,16332.000494003296
26.6875,88,37.82602399587631,9.999999999999999e-05,16349.999234080315
26.6875,87,36.08373552560806,9.8e-05,16361.000016331673
26.6875,89,36.6339311,9.9e-05,16377.000138163567
26.75,89,35.808637738227844,9.9e-05,16364.000737667084
26.625,90,36.35883331298828,9.999999999999999e-05,16317.000612616539
26.6875,90,34.387294203042984,9.7e-05,16350.999474525452
26.625,90,37.321679294109344,9.8e-05,16476.99996829033
26.625,91,38.05527463555336,9.3e-05,16271.999105811119
26.625,91,36.12958639860153,9.3e-05,16432.00032413006
26.5625,91,35.02919152379036,9.3e-05,16331.000253558159
26.6875,90,36.17543355,9.6e-05,16442.999243736267
26.6875,90,34.89164263010025,9.6e-05,16373.999416828156
26.5625,90,35.808637738227844,9.6e-05,16419.000923633575
26.625,90,36.67978197336197,9.6e-05,16442.999243736267
26.625,89,35.854484885931015,9.6e-05,16487.00051009655
26.6875,89,35.44183820486069,9.6e-05,16246.000304818153
26.5625,89,36.40468418598175,9.499999999999999e-05,16457.999125123024
26.5625,89,36.72563284635544,9.499999999999999e-05,16312.99965083599
26.625,89,35.39598733186722,9.999999999999999e-05,16299.000009894371
26.5625,90,34.61654484272003,9.999999999999999e-05,16419.999301433563
26.5625,90,35.992033779621124,9.8e-05,16357.000917196274
26.6875,89,36.17543355,7.3e-05,16359.999775886536
26.5625,89,34.66239199,9.7e-05,16521.99961
26.5625,88,35.02919152379036,9.999999999999999e-05,16350.999474525452
26.625,88,36.12958639860153,9.999999999999999e-05,16465.000808238983
26.5625,88,35.94618663191795,9.7e-05,16352.999955415726
26.5625,89,35.671088844537735,9.7e-05,16414.999961853027
26.625,89,36.17543355,9.7e-05,16393.00025999546
26.625,89,36.03788465261459,9.7e-05,16216.00054204464
26.625,89,36.58808022737503,8.8e-05,16398.999840021133
26.5625,89,35.808637738227844,8.8e-05,16357.000917196274
26.5,89,38.651321083307266,8.8e-05,16372.00079858303
26.625,89,38.28452154994011,8.8e-05,16276.000067591667
26.5625,89,36.40468418598175,8.8e-05,16463.00032734871
26.5,90,37.459228187799454,9.9e-05,16433.000564575195
26.5,90,36.12958639860153,9.9e-05,16352.999955415726
26.5625,90,35.5793871,9.6e-05,16478.000208735466
26.5625,90,37.367526441812515,9.8e-05,16196.999698877335
26.5625,90,36.6339311,9.8e-05,16388.999298214912
26.625,90,36.08373552560806,9.8e-05,16396.99935913086
26.5,90,36.03788465261459,9.8e-05,16378.000378608704
26.5,90,37.87187486886978,9.999999999999999e-05,16307.000070810318
26.625,90,35.992033779621124,8.8e-05,16444.99972462654
26.625,90,37.91772574186325,9.9e-05,16319.99947
26.5625,90,37.09242865,9.7e-05,16341.00079536438
26.5625,90,35.992033779621124,9.7e-05,16362.00025677681
26.5,90,37.642624229192734,9.9e-05,16385.000199079514
26.5,90,37.18412667512894,9.8e-05,16403.00080180168
26.5625,90,36.17543355,9.9e-05,16408.000141382217
26.5625,90,35.625237971544266,9.9e-05,16378.000378608704
26.5625,91,36.86318174004555,9.9e-05,16372.00079858303
26.5625,90,35.671088844537735,9.9e-05,16403.99917960167
26.625,90,37.04657778143883,9.9e-05,16367.999836802483
26.5625,91,34.89164263010025,9.8e-05,16419.999301433563
26.4375,91,38.55961933732033,9.8e-05,16282.999888062477
26.625,91,38.69716823101044,9.8e-05,16426.000744104385
26.5625,91,39.20151666,9.999999999999999e-05,16319.99947
26.5,91,39.10981863737106,9.999999999999999e-05,16473.00086915493
26.5625,91,38.33037242293358,9.999999999999999e-05,16333.000734448433
26.6875,91,36.72563284635544,9.999999999999999e-05,16363.000497221947
26.5625,91,36.45053133368492,9.999999999999999e-05,16482.999548316002
26.5,90,36.22128441929817,8.999999999999999e-05,16324.000433087349
26.5,90,36.35883331298828,8.999999999999999e-05,16302.000731229782
26.5625,90,35.716935992240906,9.999999999999999e-05,16388.999298214912
26.375,90,35.992033779621124,9.6e-05,16440.000385046005
26.625,90,36.95487976074219,9.6e-05,16501.00015103817
26.4375,89,35.02919152379036,7.8e-05,16588.00058066845
26.625,89,37.59677708148956,7.8e-05,16426.999121904373
26.5,89,37.367526441812515,7.8e-05,16456.00051
26.5,89,35.900335758924484,7.8e-05,16518.00051
26.5,89,37.550926208496094,7.8e-05,16280.999407172203
26.4375,89,39.38491642475128,7.8e-05,16414.999961853027
26.4375,89,37.87187486886978,9.8e-05,16220.999881625175
26.5,89,37.82602399587631,9.8e-05,16443.999484181404
26.5625,92,37.321679294109344,9.9e-05,16377.000138163567
26.4375,92,37.321679294109344,9.9e-05,16404.999420046806
26.5,94,36.58808022737503,9.9e-05,16364.000737667084
26.4375,95,38.14697266,9.4e-05,16427.99936234951
26.5625,95,36.72563284635544,9.4e-05,16372.999176383018
26.5625,95,38.19282352924347,9.4e-05,16325.000673532486
26.4375,96,38.880567997694016,9.4e-05,16416.000202298164
26.5,96,38.55961933732033,9.4e-05,16348.00061583519
26.4375,96,38.28452154994011,9.4e-05,16388.999298214912
26.5,96,36.95487976074219,9.499999999999999e-05,16318.999230861664
26.5,96,35.671088844537735,9.499999999999999e-05,16408.000141382217
26.5,96,36.26713529229164,9.8e-05,16331.000253558159
26.4375,96,37.91772574186325,9.7e-05,16351.999714970589
26.5,96,36.35883331298828,9.7e-05,16398.999840021133
26.5,96,38.33037242293358,9.7e-05,16346.000134944916
26.4375,96,38.19282352924347,9.7e-05,16258.999705314636
26.5,96,36.31298243999481,9.7e-05,16421.999782323837
26.5,96,35.44183820486069,9.7e-05,16463.00032734871
26.5,95,36.26713529229164,9.7e-05,16411.00086271763
26.4375,95,36.31298243999481,9.7e-05,16451.99954509735
26.5,95,34.47899594902992,9.8e-05,16333.99911224842
26.4375,93,36.22128441929817,9.7e-05,16309.000551700592
26.5,93,34.158047288656235,9.7e-05,16388.999298214912
26.4375,93,34.57069396972656,9.8e-05,16318.999230861664
26.4375,93,35.625237971544266,9.2e-05,16378.000378608704
26.375,93,35.30428931117058,9.2e-05,16318.000853061676
26.375,93,36.6339311,7.2e-05,16246.000304818153
26.375,93,35.48768907785416,9.499999999999999e-05,16361.000016331673
26.4375,93,34.61654484272003,9.8e-05,16375.99989771843
26.375,93,36.26713529229164,9.9e-05,16442.999243736267
26.4375,93,35.25843843817711,9.999999999999999e-05,16432.00032413006
26.5,93,37.18412667512894,9.6e-05,16418.00068318844
26.5,93,36.08373552560806,9.6e-05,16434.99918282032
26.4375,93,35.808637738227844,9.7e-05,16495.000571012497
26.3125,92,35.21259129047394,9.6e-05,16364.999115467072
26.4375,92,36.45053133368492,9.999999999999999e-05,16396.99935913086
26.5,92,35.716935992240906,9.9e-05,16381.999477744102
26.4375,92,36.22128441929817,9.9e-05,16268.00000667572
26.4375,92,37.18412667512894,9.9e-05,16483.99978876114
26.5,91,36.12958639860153,9.499999999999999e-05,16434.000805020332
26.375,91,36.08373552560806,9.499999999999999e-05,16465.99918603897
26.4375,91,36.26713529229164,9.499999999999999e-05,16428.999602794647
26.375,91,34.203894436359406,9.499999999999999e-05,16418.00068318844
26.375,91,35.5793871,9.499999999999999e-05,16310.000792145729
26.4375,91,36.03788465261459,9.499999999999999e-05,16395.999118685722
26.4375,91,35.02919152379036,9.499999999999999e-05,16333.000734448433
26.375,92,35.07504239678383,9.3e-05,16397.999599575996
26.375,92,35.12088954,9.7e-05,16417.00044
26.375,92,35.02919152379036,9.7e-05,16386.00043952465
26.375,92,34.98334065079689,9.6e-05,16388.999298214912
26.3125,91,36.40468418598175,8.4e-05,16355.00044
26.3125,91,37.00073063373566,8.4e-05,16365.999355912209
26.4375,91,37.59677708148956,8.4e-05,16434.000805020332
26.4375,91,36.03788465261459,9.8e-05,16351.999714970589
26.375,92,35.35014018416405,9.7e-05,16451.99954509735
26.375,92,36.26713529229164,9.8e-05,16408.000141382217
26.375,93,36.54223307967186,9.8e-05,16472.000628709793
26.375,93,35.900335758924484,9.8e-05,16380.999237298965
26.3125,93,37.18412667512894,9.8e-05,16395.000740885735
26.3125,94,36.08373552560806,9.999999999999999e-05,16411.00086271763
26.375,94,36.35883331298828,9.7e-05,16450.999304652214
26.4375,95,36.22128441929817,9.999999999999999e-05,16328.999772667885
26.375,95,37.321679294109344,9.999999999999999e-05,16421.999782323837
26.375,95,37.138279527425766,9.9e-05,16248.000785708427
26.5625,95,36.54223307967186,9.999999999999999e-05,16373.999416828156
26.4375,95,36.58808022737503,9.999999999999999e-05,16431.00008368492
26.375,95,36.31298243999481,9.999999999999999e-05,16333.000734448433
26.4375,95,37.18412667512894,9.8e-05,16369.00007724762
26.375,95,34.70824286341667,9.3e-05,16388.999298214912
26.375,95,34.79994088411331,9.8e-05,16417.00044
26.25,95,37.09242865,9.8e-05,16428.999602794647
26.375,94,35.16674041748047,9.999999999999999e-05,16371.000558137894
26.3125,94,34.52484309673309,9.999999999999999e-05,16371.000558137894
26.25,94,36.81733086705208,9.999999999999999e-05,16561.999917030334
26.375,94,36.08373552560806,7.599999999999999e-05,16362.00025677681
26.375,94,38.46792131662369,9.7e-05,16309.000551700592
26.375,94,36.86318174004555,9.999999999999999e-05,16308.000311255455
26.25,94,36.03788465261459,9.999999999999999e-05,16487.00051009655
26.4375,93,37.04657778143883,9.9e-05,16501.00015103817
26.25,91,36.67978197336197,9.8e-05,16355.00044
26.4375,91,36.31298243999481,9.999999999999999e-05,16572.000458836555
26.3125,90,36.26713529229164,9.999999999999999e-05,16361.000016331673
26.375,90,37.229977548122406,9.999999999999999e-05,16444.99972462654
26.375,90,35.900335758924484,9.999999999999999e-05,16310.999169945717
26.375,92,35.671088844537735,9.9e-05,16517.000272870064
26.4375,92,36.26713529229164,9.999999999999999e-05,16269.000247120857
26.375,94,36.54223307967186,9.9e-05,16392.000019550323
26.3125,94,36.40468418598175,9.999999999999999e-05,16312.99965083599
26.375,94,37.6884751,9.8e-05,16364.000737667084
26.3125,94,36.31298243999481,9.999999999999999e-05,16357.000917196274
26.375,94,36.12958639860153,9.999999999999999e-05,16299.000009894371
26.4375,94,34.75409373641014,9.9e-05,16457.999125123024
26.3125,94,38.33037242293358,9.9e-05,16419.999301433563
26.375,94,36.12958639860153,9.999999999999999e-05,16300.000250339508
26.3125,94,37.78017312288284,9.999999999999999e-05,16442.00086593628
26.3125,95,35.5793871,9.9e-05,16439.00014460087
26.4375,95,38.10112178325653,9.999999999999999e-05,16394.000500440598
26.375,95,37.550926208496094,9.8e-05,16290.999948978424
26.5,95,36.17543355,9.8e-05,16374.999657273293
26.4375,95,36.54223307967186,9.999999999999999e-05,16504.99925017357
26.4375,95,38.23867067694664,9.9e-05,16344.999894499779
26.3125,94,37.229977548122406,9.999999999999999e-05,16410.00062227249
26.4375,94,36.67978197336197,9.999999999999999e-05,16254.00037
26.375,94,36.67978197336197,9.999999999999999e-05,16365.999355912209
26.375,94,35.94618663191795,9.999999999999999e-05,16349.999234080315
26.5,94,36.12958639860153,9.9e-05,16356.000676751137
26.375,94,37.00073063373566,9.9e-05,16302.99910902977
26.3125,94,36.22128441929817,9.9e-05,16475.999727845192
26.375,94,35.5793871,9.999999999999999e-05,16302.000731229782
26.3125,94,36.17543355,9.9e-05,16421.999782323837
26.375,94,35.94618663191795,9.7e-05,16311.999410390854
26.25,94,36.17543355,9.999999999999999e-05,16349.999234080315
26.3125,94,37.367526441812515,9.9e-05,16377.000138163567
26.3125,94,37.18412667512894,9.999999999999999e-05,16487.00051009655
26.375,94,36.26713529229164,8.8e-05,16383.999958634377
26.375,94,37.138279527425766,9.9e-05,16361.000016331673
26.3125,94,35.992033779621124,9.999999999999999e-05,16496.99918925762
26.3125,95,35.94618663191795,9.999999999999999e-05,16332.000494003296
26.25,95,36.77147999405861,9.999999999999999e-05,16441.000625491142
26.25,95,35.671088844537735,9.9e-05,16442.999243736267
26.1875,94,35.716935992240906,9.999999999999999e-05,16327.999532222748
26.3125,94,36.49638220667839,9.9e-05,16390.999779105186
26.1875,94,35.808637738227844,9.9e-05,16390.999779105186
26.3125,94,37.505075335502625,9.999999999999999e-05,16366.999596357346
26.25,95,37.138279527425766,9.9e-05,16397.999599575996
26.25,95,37.00073063373566,9.9e-05,16366.999596357346
26.3125,95,35.992033779621124,9.999999999999999e-05,16412.999480962753
26.3125,95,36.08373552560806,9.8e-05,16358.999535441399
26.3125,95,35.94618663191795,9.9e-05,16434.000805020332
26.375,95,36.77147999405861,9.999999999999999e-05,16340.000554919243
26.25,95,36.26713529229164,9.999999999999999e-05,16403.99917960167
26.25,96,36.12958639860153,9.999999999999999e-05,16344.999894499779
26.25,96,37.59677708148956,9.8e-05,16364.000737667084
26.25,95,36.40468418598175,9.999999999999999e-05,16357.999294996262
26.25,95,36.81733086705208,9.9e-05,16433.000564575195
26.25,94,38.60547021,9.999999999999999e-05,16344.999894499779
26.125,94,38.60547021,9.999999999999999e-05,16397.999599575996
26.25,94,35.94618663191795,9.8e-05,16400.00008046627
26.3125,94,35.808637738227844,9.999999999999999e-05,16325.000673532486
26.25,94,37.00073063373566,9.9e-05,16406.99990093708
26.25,93,36.90902888774872,9.999999999999999e-05,16326.000913977623
26.25,92,37.275828421115875,9.999999999999999e-05,16445.999965071678
26.4375,92,36.17543355,9.999999999999999e-05,16348.00061583519
26.25,93,35.900335758924484,9.999999999999999e-05,16323.000192642212
26.125,93,35.48768907785416,9.999999999999999e-05,16326.000913977623
26.3125,93,35.5793871,9.999999999999999e-05,16427.99936234951
26.1875,93,37.59677708148956,9.999999999999999e-05,16319.99947
26.25,93,34.75409373641014,9.8e-05,16349.000856280327
26.3125,93,34.84579175710678,9.9e-05,16424.00026321411
26.1875,94,34.61654484272003,9.999999999999999e-05,16344.999894499779
26.375,94,33.882949501276016,9.9e-05,16403.99917960167
26.3125,95,34.066345542669296,9.099999999999999e-05,16317.000612616539
26.25,95,35.625237971544266,9.099999999999999e-05,16410.00062227249
26.1875,95,35.21259129047394,9.999999999999999e-05,16424.00026321411
26.25,95,35.35014018416405,9.8e-05,16366.999596357346
26.1875,96,35.808637738227844,9.9e-05,16454.000025987625
26.1875,97,35.12088954,9.9e-05,16366.999596357346
26.1875,97,35.900335758924484,9.8e-05,16421.999782323837
26.1875,97,34.79994088411331,9.9e-05,16286.000609397888
26.1875,97,34.98334065079689,9.9e-05,16393.00025999546
26.1875,97,36.26713529229164,9.6e-05,16331.000253558159
26.25,97,35.35014018416405,9.9e-05,16382.99971818924
26.25,97,34.57069396972656,9.8e-05,16450.999304652214
26.1875,97,38.05527463555336,9.999999999999999e-05,16336.999833583832
26.25,97,38.28452154994011,9.999999999999999e-05,16476.99996829033
26.1875,97,36.6339311,9.8e-05,16361.000016331673
26.25,97,36.81733086705208,9.8e-05,16414.999961853027
26.1875,97,35.625237971544266,9.9e-05,16409.000381827354
26.1875,96,36.45053133368492,9.999999999999999e-05,16429.999843239784
26.1875,96,37.229977548122406,9.999999999999999e-05,16327.999532222748
26.1875,96,36.08373552560806,9.8e-05,16411.00086271763
26.25,96,35.808637738227844,9.999999999999999e-05,16393.00025999546
26.1875,96,37.413377314805984,9.9e-05,16363.000497221947
26.25,96,35.5793871,9.8e-05,16341.999173164368
26.25,96,36.22128441929817,9.9e-05,16409.000381827354
26.1875,96,36.58808022737503,9.8e-05,16326.99929177761
26.125,96,36.35883331298828,9.9e-05,16380.999237298965
26.125,95,36.26713529229164,9.999999999999999e-05,16426.000744104385
26.25,96,36.08373552560806,9.999999999999999e-05,16393.00025999546
26.1875,96,37.87187486886978,9.999999999999999e-05,16367.999836802483
26.1875,96,38.60547021,9.999999999999999e-05,16454.000025987625
26.1875,96,37.82602399587631,9.3e-05,16355.00044
26.125,96,35.5793871,9.3e-05,16372.00079858303
26.1875,96,36.54223307967186,9.9e-05,16428.999602794647
26.1875,96,37.321679294109344,9.9e-05,16300.000250339508
26.1875,96,37.18412667512894,9.9e-05,16418.00068318844
26.1875,96,37.96357288956642,9.9e-05,16300.000250339508
26.3125,96,36.40468418598175,9.4e-05,16445.999965071678
26.125,96,36.35883331298828,9.999999999999999e-05,16309.000551700592
26.25,96,36.86318174004555,9.999999999999999e-05,16352.999955415726
26.25,98,36.03788465261459,9.999999999999999e-05,16349.999234080315
26.1875,98,35.671088844537735,9.8e-05,16351.999714970589
26.1875,99,37.642624229192734,9.9e-05,16388.999298214912
26.25,98,37.550926208496094,9.9e-05,16321.999952197075
26.1875,98,34.75409373641014,9.8e-05,16362.00025677681
26.125,98,34.79994088411331,9.8e-05,16240.00072479248
26.125,98,35.30428931117058,9.8e-05,16452.999785542488
26.125,98,35.44183820486069,9.8e-05,16341.00079536438
26.1875,98,35.44183820486069,9.8e-05,16333.000734448433
26.1875,98,33.92879664897919,9.9e-05,16417.00044
26.1875,98,34.84579175710678,9.4e-05,16274.99982714653
26.125,98,33.19520130753517,7.5e-05,16313.999891281128
26.1875,97,37.73432597517967,9.999999999999999e-05,16439.00014460087
26.1875,97,35.992033779621124,9.999999999999999e-05,16331.000253558159
26.25,97,36.72563284635544,9.8e-05,16333.000734448433
26.1875,97,35.94618663191795,9.999999999999999e-05,16424.00026321411
26.125,97,33.974647521972656,9.999999999999999e-05,16487.00051009655
26.1875,97,34.75409373641014,7e-05,16348.00061583519
26.1875,97,35.533539950847626,9.999999999999999e-05,16364.000737667084
26.1875,97,35.02919152379036,9.999999999999999e-05,16394.000500440598
26.125,97,34.79994088411331,9.9e-05,16466.999426484108
26.1875,97,35.35014018416405,9.999999999999999e-05,16318.000853061676
26.1875,97,34.47899594902992,9.999999999999999e-05,16408.000141382217
26.1875,97,34.158047288656235,9.999999999999999e-05,16433.000564575195
26.125,97,35.48768907785416,9.7e-05,16385.000199079514
26.1875,97,34.75409373641014,9.7e-05,16367.999836802483
26.125,97,34.112196415662766,9.999999999999999e-05,16390.999779105186
26.125,96,35.533539950847626,9.999999999999999e-05,16434.99918282032
26.1875,96,36.22128441929817,9.999999999999999e-05,16434.000805020332
26.125,96,34.249745309352875,9.9e-05,16358.999535441399
26.125,96,35.02919152379036,9.9e-05,16395.000740885735
26.125,96,34.75409373641014,9.999999999999999e-05,16434.000805020332
26.0625,96,35.900335758924484,9.9e-05,16429.999843239784
26.125,95,34.84579175710678,9.999999999999999e-05,16426.000744104385
26.1875,95,36.17543355,9.999999999999999e-05,16366.999596357346
26.25,95,34.79994088411331,9.7e-05,16365.999355912209
26.1875,96,35.808637738227844,9.7e-05,16382.99971818924
26.125,96,35.16674041748047,9.999999999999999e-05,16352.999955415726
26.25,96,34.66239199,9.8e-05,16411.999240517616
26.1875,96,35.762786865234375,9.999999999999999e-05,16363.000497221947
26.1875,96,35.854484885931015,9.9e-05,16379.00061905384
26.125,96,35.25843843817711,9.8e-05,16380.000859498978
26.0625,96,35.762786865234375,9.999999999999999e-05,16421.999782323837
26.125,96,33.10350328683853,9.6e-05,16296.999529004097
26.25,96,34.112196415662766,9.6e-05,16442.00086593628
26.125,96,34.43314507603645,9.6e-05,16377.000138163567
26.125,90,36.35883331298828,9.999999999999999e-05,16412.999480962753
26.25,92,33.974647521972656,9.9e-05,16409.000381827354
26.125,93,35.30428931117058,9.999999999999999e-05,16350.999474525452
26.25,93,34.89164263010025,9.999999999999999e-05,16439.00014460087
26.1875,93,34.66239199,9.9e-05,16364.000737667084
26.125,95,36.12958639860153,9.9e-05,16409.000381827354
26.1875,95,35.25843843817711,9.9e-05,16336.999833583832
26.3125,96,34.57069396972656,9.9e-05,16382.99971818924
26.0625,96,34.295596182346344,9.999999999999999e-05,16410.00062227249
26.125,96,33.882949501276016,9.9e-05,16431.00008368492
26.125,96,34.66239199,9.9e-05,16437.99990415573
26.1875,96,36.22128441929817,9.9e-05,16426.999121904373
26.125,96,35.900335758924484,9.9e-05,16372.00079858303
26.1875,96,34.158047288656235,9.9e-05,16364.999115467072
26.125,96,35.07504239678383,9.999999999999999e-05,16400.00008046627
26.0625,96,35.625237971544266,9.9e-05,16347.000375390053
26.125,96,37.82602399587631,9.999999999999999e-05,16388.000920414925
31.625,64,33.79124775528908,7.9e-05,16256.000846624374
31.4375,64,33.60784799,7.9e-05,16526.000574231148
31.625,64,34.43314507603645,7.9e-05,16251.999884843826
31.5625,64,34.43314507603645,7.9e-05,16317.000612616539
31.375,64,37.138279527425766,0.000127,16654.999926686287
31.4375,64,35.02919152379036,0.000127,16395.999118685722
31.5,64,35.625237971544266,0.000127,16560.999676585197
31.5,64,34.70824286341667,0.000127,16336.999833583832
31.4375,64,35.07504239678383,0.000127,16241.999343037605
31.4375,64,35.16674041748047,0.000127,16378.000378608704
31.5,64,34.84579175710678,0.000127,16311.999410390854
31.375,64,35.992033779621124,0.000127,16373.999416828156
31.375,64,35.625237971544266,0.000127,16340.000554919243
31.5,64,34.79994088411331,0.000127,16364.000737667084
31.4375,64,35.30428931117058,0.000127,16458.99936556816
31.3125,64,35.900335758924484,0.000127,16403.99917960167
31.4375,64,35.35014018416405,0.000127,16408.000141382217
31.5,64,35.21259129047394,0.000127,16476.99996829033
31.5,64,37.138279527425766,0.000127,16295.000910758972
31.375,64,36.58808022737503,0.000127,16330.000013113022
31.25,97,34.75409373641014,9.8e-05,16331.000253558159
31.25,97,35.625237971544266,9.8e-05,16558.000817894936
31.25,96,34.249745309352875,9.9e-05,16781.000420451164
31.25,96,35.30428931117058,9.9e-05,15980.999916791916
31.125,96,34.43314507603645,9.999999999999999e-05,16247.00054526329
31.25,96,35.35014018416405,9.9e-05,16332.000494003296
31.25,95,35.533539950847626,9.999999999999999e-05,16973.000019788742
31.375,95,34.295596182346344,9.999999999999999e-05,16085.000708699226
31.3125,97,34.84579175710678,9.999999999999999e-05,16854.99958693981
31.25,99,33.69954973459244,9.9e-05,15876.999124884605
31.3125,99,34.249745309352875,9.999999999999999e-05,16411.999240517616
31.25,99,34.84579175710678,9.999999999999999e-05,16231.000423431396
31.25,97,34.52484309673309,9.9e-05,16581.00076019764
31.25,96,34.387294203042984,9.9e-05,16111.99975013733
31.1875,96,34.57069396972656,9.9e-05,16014.00040090084
31.1875,93,34.89164263010025,9.999999999999999e-05,16077.00064778328
31.1875,93,34.43314507603645,9.9e-05,16581.00076019764
31.25,92,33.974647521972656,9.999999999999999e-05,16181.999817490578
31.3125,92,35.30428931117058,9.999999999999999e-05,16255.000606179237
31.1875,92,34.61654484272003,9.9e-05,15986.999496817589
31.125,94,34.43314507603645,9.8e-05,16382.99971818924
31.25,94,35.21259129047394,9.9e-05,16334.999352693558
31.1875,96,34.52484309673309,9.8e-05,16248.000785708427
31.25,96,34.61654484272003,9.9e-05,16183.000057935715
31.25,95,34.34144705533981,9.8e-05,16672.000288963318
31.25,94,35.30428931117058,9.9e-05,16057.999804615974
31.25,93,35.44183820486069,9.8e-05,16651.999205350876
31.25,94,35.30428931117058,9.999999999999999e-05,16248.000785708427
31.125,95,36.08373552560806,9.999999999999999e-05,16526.000574231148
31.25,95,35.35014018416405,9.9e-05,16008.999198675156
31.25,97,37.09242865,9.9e-05,16176.000237464905
31.25,99,37.138279527425766,9.6e-05,16504.99925017357
31.1875,100,35.671088844537735,9.9e-05,16063.999384641647
31.1875,100,35.808637738227844,9.9e-05,16532.00015425682
31.125,98,36.58808022737503,9.999999999999999e-05,16268.00000667572
31.125,88,35.992033779621124,9.999999999999999e-05,16631.999984383583
31.1875,89,36.03788465261459,9.999999999999999e-05,16235.999763011932
31.1875,89,35.854484885931015,9.999999999999999e-05,16357.000917196274
31.1875,91,35.900335758924484,9.9e-05,16383.999958634377
31.25,96,35.716935992240906,9.9e-05,16090.000048279762
31.125,95,35.39598733186722,9.999999999999999e-05,16490.99960923195
31.1875,92,36.22128441929817,9.999999999999999e-05,16085.000708699226
31.25,92,35.808637738227844,9.9e-05,16713.999211788177
31.1875,87,35.48768907785416,9.9e-05,16078.999266028404
31.1875,90,36.35883331298828,9.7e-05,16535.00087559223
31.25,91,35.94618663191795,9.9e-05,16149.99957382679
31.1875,90,37.413377314805984,9.999999999999999e-05,16114.000231027603
31.25,90,36.12958639860153,9.8e-05,16591.99967980385
31.1875,99,35.716935992240906,9.9e-05,15964.999794960022
31.25,100,35.762786865234375,9.999999999999999e-05,16238.000243902206
31.125,101,35.5793871,9.8e-05,16069.000586867332
31.125,97,35.12088954,9.9e-05,16558.999195694923
31.25,95,35.808637738227844,9.999999999999999e-05,16217.000782489777
31.1875,95,35.762786865234375,9.9e-05,16475.999727845192
31.125,97,35.762786865234375,9.9e-05,16643.99914443493
31.1875,98,36.54223307967186,9.999999999999999e-05,16287.999227643013
31.125,99,35.5793871,9.9e-05,16302.99910902977
31.125,99,36.12958639860153,9.999999999999999e-05,16545.99979519844
31.125,99,35.992033779621124,9.999999999999999e-05,16220.999881625175
31.0625,99,36.54223307967186,9.9e-05,16499.999910593033
31.125,98,36.58808022737503,9.9e-05,16307.000070810318
31.1875,98,35.5793871,9.999999999999999e-05,16505.999490618706
31.25,98,35.900335758924484,9.4e-05,16335.999593138695
31.125,98,35.716935992240906,9.999999999999999e-05,16542.00069606304
31.125,98,36.90902888774872,9.8e-05,16388.000920414925
31.1875,99,36.08373552560806,9.9e-05,16401.000320911407
31.125,99,35.94618663191795,9.999999999999999e-05,16408.000141382217
31.0625,100,36.35883331298828,9.999999999999999e-05,16223.00036251545
31.125,100,35.44183820486069,9.9e-05,16567.999497056007
31.0625,100,36.49638220667839,9.999999999999999e-05,16109.999269247055
31.25,98,35.854484885931015,9.999999999999999e-05,16581.999137997627
31,98,35.992033779621124,9.9e-05,16245.000064373016
31.1875,98,35.30428931117058,9.999999999999999e-05,16537.999734282494
31.125,97,36.31298243999481,9.9e-05,16319.99947
31.125,98,36.22128441929817,9.8e-05,16538.99997472763
31,99,35.35014018416405,9.999999999999999e-05,16348.00061583519
31.125,99,35.808637738227844,9.9e-05,16318.999230861664
31.125,99,36.81733086705208,9.9e-05,16630.999743938446
31.0625,98,35.48768907785416,9.8e-05,16224.000602960587
31.0625,97,35.48768907785416,9.999999999999999e-05,16344.999894499779
31.125,96,36.22128441929817,9.9e-05,16511.99907064438
31.125,97,36.72563284635544,9.9e-05,16288.99946808815
31.0625,97,36.35883331298828,9.9e-05,16561.999917030334
31.0625,97,35.808637738227844,9.9e-05,16138.000413775444
31,97,36.58808022737503,9.8e-05,16387.000679969788
31.0625,97,35.671088844537735,9.999999999999999e-05,16194.000840187073
31,97,36.31298243999481,9.9e-05,16502.000391483307
31.125,97,36.58808022737503,9.9e-05,16696.00047171116
31.125,98,37.229977548122406,9.8e-05,16191.000118851662
31.125,99,37.321679294109344,9.9e-05,16349.999234080315
31.0625,101,37.59677708148956,9.999999999999999e-05,16193.000599741936
31.125,101,37.505075335502625,9.999999999999999e-05,16553.999856114388
31.0625,102,37.550926208496094,9.9e-05,16257.99946
31.0625,101,36.90902888774872,9.9e-05,16343.999654054642
31,101,37.82602399587631,9.8e-05,16181.999817490578
31.0625,100,37.59677708148956,9.999999999999999e-05,16311.999410390854
31.0625,100,38.00942376255989,9.999999999999999e-05,16586.000099778175
31,100,37.59677708148956,9.9e-05,16162.000596523285
31.0625,100,37.275828421115875,9.9e-05,16090.000048279762
31,99,36.6339311,9.999999999999999e-05,16349.000856280327
31,99,37.321679294109344,9.999999999999999e-05,16602.00022161007
31.0625,99,36.49638220667839,9.7e-05,16437.99990415573
31.0625,99,36.67978197336197,9.999999999999999e-05,16653.99968624115
31,99,35.900335758924484,9.9e-05,16207.000240683556
31,99,35.992033779621124,9.9e-05,16372.00079858303
31.0625,99,35.762786865234375,9.999999999999999e-05,16225.000843405724
30.9375,99,36.81733086705208,9.999999999999999e-05,16628.999263048172
31,98,36.26713529229164,9.8e-05,16661.999747157097
30.9375,97,35.671088844537735,9.999999999999999e-05,16152.000054717064
31.0625,97,36.31298243999481,9.999999999999999e-05,16312.99965083599
30.875,99,35.39598733186722,9.8e-05,16777.999699115753
30.9375,100,35.625237971544266,9.999999999999999e-05,16648.000106215477
31.0625,100,36.26713529229164,9.8e-05,16149.99957382679
30.9375,100,36.03788465261459,9.9e-05,16389.99953866005
30.9375,100,36.03788465261459,9.999999999999999e-05,16707.999631762505
30.9375,101,35.854484885931015,9.8e-05,16143.999993801117
31.0625,101,36.26713529229164,9.9e-05,16351.999714970589
30.9375,100,36.08373552560806,9.9e-05,16331.000253558159
30.875,100,36.58808022737503,9.8e-05,19192.999228835106
30.9375,97,36.17543355,9.8e-05,16378.000378608704
30.875,97,36.90902888774872,9.499999999999999e-05,16294.000670313835
30.9375,97,36.67978197336197,9.499999999999999e-05,16657.00040757656
31.0625,97,34.93749350309372,9.8e-05,16279.000788927078
30.9375,96,35.48768907785416,9.9e-05,16574.999317526817
30.9375,97,34.89164263010025,9.9e-05,16084.00046825409
30.9375,99,35.21259129047394,9.6e-05,16535.00087559223
30.9375,99,34.57069396972656,9.9e-05,16724.999994039536
31,102,35.48768907785416,9.8e-05,16253.000125288963
30.9375,102,36.17543355,9.999999999999999e-05,16393.00025999546
30.8125,103,35.671088844537735,9.999999999999999e-05,16578.00003886223
30.9375,104,35.716935992240906,9.999999999999999e-05,16064.999625086784
31.0625,104,36.03788465261459,9.999999999999999e-05,16677.99986898899
30.9375,104,36.03788465261459,9.9e-05,16395.000740885735
30.9375,104,35.992033779621124,9.7e-05,16393.00025999546
30.875,103,36.08373552560806,9.7e-05,16268.00000667572
30.9375,103,35.625237971544266,9.7e-05,16334.999352693558
31,103,35.992033779621124,9.999999999999999e-05,16651.999205350876
30.9375,103,35.762786865234375,9.499999999999999e-05,16547.000035643578
30.9375,104,36.35883331298828,9.999999999999999e-05,16512.999311089516
30.875,103,36.12958639860153,9.999999999999999e-05,15935.000032186508
31,99,37.09242865,9.9e-05,16567.999497056007
30.9375,99,36.95487976074219,9.8e-05,15964.999794960022
30.875,95,35.992033779621124,9.9e-05,16178.000718355179
30.9375,95,35.808637738227844,9.8e-05,16426.000744104385
30.9375,95,37.09242865,9.999999999999999e-05,16652.999445796013
30.875,95,37.459228187799454,9.6e-05,16383.999958634377
30.9375,98,35.35014018416405,9.999999999999999e-05,16665.000468492508
30.875,104,36.08373552560806,9.9e-05,16565.000638365746
30.9375,105,35.854484885931015,9.999999999999999e-05,16149.99957382679
30.9375,105,36.26713529229164,9.999999999999999e-05,16605.999320745468
30.875,105,36.26713529229164,9.499999999999999e-05,16358.999535441399
30.9375,105,36.03788465261459,9.9e-05,16535.00087559223
30.8125,103,35.533539950847626,9.8e-05,16253.000125288963
30.875,101,37.00073063373566,9.7e-05,16437.99990415573
30.9375,100,36.40468418598175,9.8e-05,16150.999814271927
30.9375,99,36.86318174004555,9.8e-05,16623.999923467636
30.9375,101,36.45053133368492,9.8e-05,16396.99935913086
30.9375,102,36.58808022737503,9.9e-05,16493.000090122223
30.9375,102,35.992033779621124,9.999999999999999e-05,16392.000019550323
30.875,101,35.854484885931015,9.8e-05,16254.00037
30.875,101,35.21259129047394,9.9e-05,16511.00069284439
31,98,35.533539950847626,9.999999999999999e-05,16437.99990415573
30.9375,101,34.57069396972656,9.8e-05,16279.000788927078
30.875,101,35.21259129047394,9.8e-05,16143.999993801117
30.875,102,37.00073063373566,9.999999999999999e-05,16494.00033056736
30.9375,102,36.03788465261459,9.8e-05,16666.999086737633
30.75,101,35.533539950847626,9.9e-05,16011.999920010567
30.9375,100,36.17543355,9.999999999999999e-05,16174.999997019768
30.875,100,36.40468418598175,9.9e-05,16671.00004851818
30.875,101,35.48768907785416,9.9e-05,16210.999339818954
30.875,101,35.48768907785416,9.9e-05,16682.999208569527
30.9375,103,35.21259129047394,9.7e-05,16309.000551700592
31,103,35.533539950847626,9.7e-05,15902.99978852272
31,103,36.08373552560806,9.6e-05,16460.999846458435
31,105,36.22128441929817,9.8e-05,16189.999878406525
30.875,105,35.533539950847626,9.999999999999999e-05,16239.000484347343
30.875,105,36.72563284635544,9.9e-05,16411.999240517616
30.875,104,35.992033779621124,9.9e-05,16556.00033700466
30.9375,103,36.12958639860153,9.8e-05,16457.999125123024
30.9375,103,35.854484885931015,9.999999999999999e-05,16628.000885248184
31,103,35.44183820486069,9.9e-05,15926.999971270561
30.875,103,36.77147999405861,9.8e-05,16380.999237298965
30.875,102,35.900335758924484,9.9e-05,16319.99947
30.875,102,35.762786865234375,7.7e-05,16208.000481128693
30.875,102,37.18412667512894,7.7e-05,16525.00033378601
30.875,103,36.49638220667839,9.8e-05,16313.999891281128
30.9375,103,35.533539950847626,8.9e-05,16473.999246954918
30.875,103,36.54223307967186,8.9e-05,16503.000631928444
30.875,103,35.25843843817711,8.9e-05,16340.000554919243
30.9375,102,35.12088954,9.999999999999999e-05,16310.999169945717
30.875,102,37.229977548122406,9.7e-05,16321.999952197075
30.875,103,36.54223307967186,9.8e-05,16362.00025677681
30.875,103,37.138279527425766,9.8e-05,16597.99925982952
31,103,37.550926208496094,9.8e-05,16383.999958634377
30.875,104,35.992033779621124,9.9e-05,16327.999532222748
30.875,104,36.45053133368492,9.8e-05,16579.000279307365
30.9375,105,36.58808022737503,9.6e-05,16048.99950325489
30.875,105,36.40468418598175,9.999999999999999e-05,16811.000183224678
30.875,106,37.73432597517967,9.8e-05,15969.999134540558
30.875,100,36.03788465261459,9.8e-05,16473.999246954918
30.8125,100,35.35014018416405,9.999999999999999e-05,16530.999913811684
30.875,101,35.48768907785416,9.8e-05,16607.999801635742
30.875,101,36.40468418598175,9.9e-05,16204.999759793282
30.8125,98,34.79994088411331,9.8e-05,16296.999529004097
30.875,98,35.25843843817711,9.7e-05,16188.999637961388
30.8125,95,34.57069396972656,9.999999999999999e-05,16514.99979197979
30.875,93,34.112196415662766,9.8e-05,16460.999846458435
30.875,96,35.671088844537735,9.8e-05,16596.000641584396
30.875,96,34.47899594902992,9.9e-05,16054.999083280563
30.8125,97,35.25843843817711,9.999999999999999e-05,16253.000125288963
30.875,100,35.39598733186722,9.8e-05,16341.00079536438
30.9375,98,34.89164263010025,9.9e-05,16583.99962
30.875,98,36.22128441929817,9.9e-05,16238.000243902206
30.8125,96,35.21259129047394,9.7e-05,16405.999660491943
30.9375,96,34.52484309673309,9.7e-05,16464.000567793846
30.8125,96,35.25843843817711,9.8e-05,16432.00032413006
30.9375,97,35.5793871,9.8e-05,16549.00051653385
30.8125,98,36.08373552560806,9.8e-05,16203.999519348145
30.8125,99,35.762786865234375,9.999999999999999e-05,16315.000131726265
30.9375,99,35.94618663191795,9.999999999999999e-05,16139.000654220581
30.8125,101,35.35014018416405,9.8e-05,16542.99907386303
30.8125,102,35.625237971544266,9.8e-05,16620.999202132225
30.8125,103,37.73432597517967,7.599999999999999e-05,16470.00014781952
30.75,103,35.533539950847626,9.6e-05,16080.999746918678
31,103,35.854484885931015,7.3e-05,16501.00015103817
30.75,103,35.35014018416405,9.9e-05,16543.999314308167
30.8125,103,35.854484885931015,9.9e-05,16154.000535607338
30.8125,103,35.671088844537735,9.6e-05,16414.999961853027
30.75,104,36.49638220667839,9.6e-05,16549.00051653385
30.8125,102,34.84579175710678,9.999999999999999e-05,15852.000564336777
30.8125,102,35.5793871,9.8e-05,16336.999833583832
30.875,101,35.25843843817711,9.999999999999999e-05,16121.000051498413
30.8125,101,34.93749350309372,9.8e-05,16552.99961566925
30.75,100,35.992033779621124,9.6e-05,16226.999461650848
30.875,100,36.86318174004555,9.8e-05,16436.999663710594
30.875,104,35.39598733186722,9.8e-05,16517.000272870064
30.875,104,34.295596182346344,9.8e-05,16313.999891281128
30.9375,104,34.93749350309372,9.9e-05,16715.99969267845
30.8125,105,34.295596182346344,9.9e-05,16204.999759793282
30.875,105,35.25843843817711,9.999999999999999e-05,16609.00004208088
30.875,105,34.89164263010025,9.8e-05,16395.999118685722
30.875,105,34.295596182346344,9.999999999999999e-05,16744.00083720684
30.875,105,36.26713529229164,9.2e-05,16494.00033056736
30.8125,105,35.900335758924484,9.8e-05,16419.999301433563
30.875,106,35.25843843817711,9.9e-05,16388.000920414925
30.75,106,35.900335758924484,9.9e-05,16277.000308036804
30.875,109,35.5793871,9.9e-05,16383.999958634377
30.8125,109,35.671088844537735,9.9e-05,16710.00011265278
30.9375,108,36.67978197336197,9.8e-05,16394.000500440598
30.8125,106,37.505075335502625,9.6e-05,16497.99942970276
30.8125,103,35.5793871,9.6e-05,16398.999840021133
30.875,103,36.03788465261459,9.6e-05,16649.000346660614
30.75,104,35.44183820486069,9.6e-05,16439.00014460087
30.8125,106,34.98334065079689,9.9e-05,16573.000699281693
30.875,107,35.21259129047394,9.9e-05,15972.999855875969
30.875,103,35.716935992240906,9.999999999999999e-05,16155.000776052475
30.75,100,36.03788465261459,9.999999999999999e-05,16536.999493837357
30.8125,103,34.47899594902992,9.8e-05,16962.99947798252
30.8125,103,35.44183820486069,9.8e-05,16591.99967980385
30.9375,103,34.52484309673309,9.8e-05,16441.000625491142
30.8125,105,34.066345542669296,9.999999999999999e-05,16414.999961853027
30.8125,105,35.07504239678383,9.7e-05,16383.999958634377
30.8125,102,34.47899594902992,9.7e-05,16568.999737501144
30.8125,102,36.67978197336197,9.7e-05,16731.999814510345
30.8125,102,35.5793871,9.7e-05,16414.999961853027
30.875,104,34.98334065079689,9.9e-05,16095.999628305435
30.875,104,35.07504239678383,9.9e-05,17031.000927090645
30.875,104,35.671088844537735,9.9e-05,16540.000215172768
30.8125,104,35.854484885931015,9.9e-05,16551.999375224113
30.75,104,33.882949501276016,6.8e-05,16970.999538898468
30.8125,104,35.35014018416405,6.8e-05,15980.999916791916
30.8125,104,36.17543355,6.8e-05,16335.999593138695
30.875,104,34.020498394966125,8.999999999999999e-05,16028.00004184246
30.8125,104,35.39598733186722,7.2e-05,16375.99989771843
30.875,104,34.66239199,7.2e-05,16521.99961
30.8125,104,35.02919152379036,7.2e-05,16181.999817490578
30.8125,104,35.762786865234375,7.2e-05,16704.000532627106
30.875,104,34.98334065079689,7.2e-05,16674.99914765358
30.8125,104,35.35014018416405,7.2e-05,16141.999512910843
30.75,104,35.39598733186722,7.2e-05,16478.000208735466
30.875,104,34.89164263010025,0.000127,17304.999753832817
30.875,104,35.671088844537735,0.000127,17152.000218629837
30.8125,104,35.716935992240906,0.000127,16450.999304652214
30.9375,104,35.5793871,9.999999999999999e-05,16392.000019550323
30.875,104,34.387294203042984,9.999999999999999e-05,16079.999506473541
30.75,105,36.12958639860153,9.999999999999999e-05,16279.999166727066
30.9375,104,35.5793871,9.999999999999999e-05,16753.999516367912
30.9375,104,36.03788465261459,9.9e-05,15993.999317288399
30.8125,104,35.16674041748047,9.999999999999999e-05,16340.000554919243
30.9375,102,35.48768907785416,9.999999999999999e-05,16695.00023126602
30.875,102,36.49638220667839,9.9e-05,16099.000349640846
30.8125,100,35.12088954,9.9e-05,16321.999952197075
30.9375,101,35.30428931117058,9.9e-05,16511.00069284439
30.875,101,37.367526441812515,9.999999999999999e-05,16769.999638199806
30.875,103,35.12088954,9.999999999999999e-05,16274.99982714653
30.875,98,36.31298243999481,9.999999999999999e-05,16504.00087237358
30.875,98,36.49638220667839,9.9e-05,16633.00022482872
30.875,98,35.808637738227844,9.9e-05,16209.999099373817
